<?xml version="1.0" encoding="UTF-8"?>
<project-private xmlns="http://www.netbeans.org/ns/project-private/1">
    <editor-bookmarks xmlns="http://www.netbeans.org/ns/editor-bookmarks/2" lastBookmarkId="0"/>
    <open-files xmlns="http://www.netbeans.org/ns/projectui-open-files/2">
        <group>
            <file>file:/F:/Profession%20Document/Term%206/Component/Grp%20Pj/EACaffree/Completed/EntAppEJB/EntAppEJB-ejb/src/java/ejb/DatabaseSession.java</file>
            <file>file:/F:/Profession%20Document/Term%206/Component/Grp%20Pj/EACaffree/Completed/EntAppEJB/EntAppEJB-ejb/src/java/ejb/DatabaseSessionLocal.java</file>
        </group>
    </open-files>
</project-private>
